Number,food,Vegan,Vegetarian,Gluten free,Lactose Free,Diabetes,blood pressure,Caloric Value,Fat,Saturated Fats,Monounsaturated Fats,Polyunsaturated Fats,Carbohydrates,Sugars,Protein,Dietary Fiber,Cholesterol,Sodium,Water,Vitamin A,Vitamin B1,Vitamin B11,Vitamin B12,Vitamin B2,Vitamin B3,Vitamin B5,Vitamin B6,Vitamin C,Vitamin D,Vitamin E,Vitamin K,Calcium,Copper,Iron,Magnesium,Manganese,Phosphorus,Potassium,Selenium,Zinc,Nutrition Density
1,milk cereal bar,0,1,0,0,0,1,103,2.7,2.3,0.3,0.01,18,11.5,1.6,0.1,1.5,0.087,2.2,0.085,0.2,0.094,0.046,0.2,2,0.1,0.2,3.9,0.027,0.1,0.002,102.5,0.028,1.5,5.3,0.055,38.8,63.5,0.041,0.2,130.334
2,rice wheat cereal bar,1,1,0,1,0,1,90,2,0,1.4,0.5,16,7,2,0.4,0,0.1,1.7,0,0.2,0.013,0,0.2,2,0.018,0.2,0,0,0.6,0.058,6.8,0.01,0.6,10.1,0.3,29.9,31.5,0.097,0.4,27.8
3,beef broth soup,0,0,1,1,1,0,17,0.5,0.3,0.2,0.049,0.01,0,2.7,0,0,0.9,234.1,0,0.023,0.095,0.072,0.055,1.9,0.011,0.054,0,0,0,0,14.4,0,0.4,4.8,0.035,31.2,129.6,0.023,0,18.049
4,scrambled eggs,0,1,1,1,1,1,100,7.6,2.9,2.8,0.9,1,0.8,6.5,0,200.2,0.1,31.3,0.066,0.066,0.045,0.041,0.2,0.095,0.4,0.076,1.6,0.086,0.5,0.001,26.8,0.093,1.2,6.6,0.066,113.7,69.1,0.012,0.8,44.726
5,omelet,0,1,1,1,1,1,94,7.1,2,3,1.7,0.4,0.2,6.4,0,190.9,0.013,46.4,0.4,0.1,0.006,0.041,0.055,0.2,0.09,0.8,0.003,0,0.098,0.8,0.05,29.3,0.07,0.9,6.7,0.031,101.9,71.4,0.03,14.377
6,corn pasta cooked,1,1,1,1,1,1,176,1,0.1,0.3,0.5,39.1,0,3.7,6.7,0,0,95.6,0,0.074,0.015,0,0.032,0.8,0.2,0.03,0,0,0,0,1.4,0.002,0.4,50.4,0.2,106.4,43.4,0.081,0.9,52.3
7,gazpacho soup,1,1,1,1,1,1,70,0.4,0.008,0.059,0.1,6.6,2.2,10.7,0.7,0,1.1,346,0,0.058,0.012,0,0.091,1.4,0.3,0.2,10.7,0,0.7,0.041,36.9,0.2,1.5,11.1,1.1,55.4,339.5,0.019,0.4,67.5
8,tuna salad,0,0,1,1,1,1,383,19,3.2,5.9,8.5,19.3,0,32.9,0,26.7,0.8,129.5,0.004,0.028,0.059,0.049,0.1,13.7,0.5,0.2,4.5,0,0,0,34.9,0.3,2.1,39,0.082,364.9,364.9,0.001,1.1,112.727
9,sandwich with roast beef,0,0,0,1,1,0,410,13,7.1,1.8,2.6,44.3,0,28.6,0,73.4,0.8,127.4,0.03,0.4,0.053,0.015,0.4,6,0.8,0.3,5.6,0,0,0,41,0.4,2.8,67,0.4,192.2,330.5,0.073,4.4,135.393
10,roast beef sandwich,0,0,0,1,1,0,364,15.3,5.1,5.9,2.6,33.1,5.7,22.6,1.9,44.7,1,74.4,0.6,0.035,0.3,0.015,0.012,0.4,6.5,0.9,0.3,0,0,0.6,0.039,82,0.1,3.9,34.3,0.1,298,333.8,0.055,73.951
11,sandwich with tuna salad,0,0,0,1,1,1,584,28,5.3,13.4,7.3,55.4,0,29.7,0,48.6,1.3,139,0.004,0.5,0.1,0.076,0.3,11.3,1.9,0.2,3.6,0,0,0,74.2,0.4,2.6,79.4,0.5,220.2,335.4,0.019,1.9,193.569
12,rice bowl with chicken,0,0,1,1,1,1,36,0.4,0.01,0.1,0.1,6.4,1.2,1.6,0.2,4.5,0.064,19.6,0.026,0.068,0.094,0.014,0.07,0.6,0.1,0.07,0.8,0,0.08,0.043,3.7,0.057,0.008,4,0.075,26.6,34.8,0.035,0.1,13.178
13,congee with pork shrimp and squid plus egg,0,0,1,1,1,1,178,0.3,39.3,2.8,0,0,0,0,0,0,0,0,0,0,0,0,0,0,0,0,0,0,0,0,0,0,0,0,0,0,0,0,0,0.3
14,peanut bar,1,1,1,1,0,1,209,13.5,1.9,6.7,4.3,19,16.9,6.2,1.6,0,0.059,0.6,0,0.051,0.042,0,0.093,3.2,0.3,0.089,0,0,1.6,0,31.2,0.3,0.4,44,0.5,123.2,162.8,0.043,1.6,71.9
15,almond rice bar,1,1,1,1,0,1,128,5.7,1.1,2.1,2.2,18.1,0,2,1,0,0,1.9,0,0.4,0,0,0.4,4.9,0.2,0.5,3.2,0,0,0,20.7,0.057,1.8,19.9,0.4,46.8,64.1,0,1.5,52.5
16,fruit nut squares,1,1,1,1,0,1,55,1.3,0.1,0.2,1,10.3,6.4,0.3,0.3,0,0.086,1.9,0,0.033,0.021,0,0.014,0.008,0.099,0.049,0.065,0,0.004,0.068,2.4,0.054,0.1,3.5,0.052,7.6,11.5,0.068,0.034,14.762
17,crisped rice bar,1,1,0,1,0,1,113,3.8,1.5,1.1,1,20.4,0,1.4,0.6,0,0.01,2,0,0.1,0.019,0,0.2,2,0,0.2,0,0,0,0,5.9,0.045,1.8,13.4,0.3,37.5,47,0.02,0.2,33.9
18,pepperpot soup,0,0,1,1,1,0,100,4.5,2,2,0.3,9.1,0,6.2,0.5,9.7,0.9,219.8,0,0.071,0.02,0.024,0.027,1.2,0.3,0.08,1.2,0,0.097,0,26.7,0.1,0.9,4.9,0.6,41.3,148.2,0,1.2,49.1
19,chili without beans canned,0,0,1,1,1,0,283,17,5.4,5.9,1.1,14.6,0,18.1,0,50.4,0.9,186.4,0,0.044,0,0.039,0.3,3,0.4,0.3,4.3,0,0,0,72,0.5,4.8,48,0.7,184.8,444,0.043,2.7,130.8
20,fried rice,0,1,0,1,1,1,228,3.2,0.7,0.8,1.3,43.4,0.6,6.5,1.5,32.2,0.6,85.4,0.076,0.052,0.076,0,0.088,0.9,0,0.066,0,0.059,0.2,0.081,19.6,0.1,1,14,0.6,77,123.2,0.062,1.1,75.203
21,chili with beans canned,0,0,1,1,1,0,287,14.1,6,6,0.9,30.5,3,14.6,11.3,43.5,1.3,193.3,0,0.1,0.018,0,0.3,0.9,3.6,0.3,4.4,0,1.3,0.074,120.3,0.3,8.8,115.2,0.3,394.2,934.4,0.018,5.1,204
22,stockpot soup,0,0,1,1,1,0,201,7.8,1.7,2,3.5,23.1,0,9.8,0,7.7,2.1,211.3,0,0.002,0.092,0,0.1,2.5,0.7,0.2,4.1,0,0,0,43.9,0.3,1.8,7.7,0.5,108.4,477.3,0,2.3,90.5
23,hot sour soup,1,1,1,1,1,1,91,2.8,0.5,0.7,0.7,10.1,1,6,1.2,48.9,0.9,211.2,0.088,0.032,0.021,0.006,0.03,1.2,0.5,0.1,0,0.017,0.9,0.059,44.3,0.032,1.5,21,0.2,74.6,128.2,0.084,0.5,65.954
24,minestrone soup,1,1,1,1,1,1,167,5,1.1,1.4,2.2,22.6,3.7,8.6,2,2.5,1.3,204.1,0,0.1,0.086,0,0.008,1.9,0.7,0.2,2.2,0,1.1,0.052,68.9,0.2,1.8,14.8,0.7,113.2,627.3,0.029,1.5,111.1
25,escarole soup,1,1,1,1,1,1,61,4,1.2,1.8,0.8,4,0,3.4,0,5.5,2.3,535.8,0,0.2,0.058,0.06,0.1,5.1,0.4,0.5,10,0,0,0,71.9,0.8,1.7,11.1,2.8,177,591.7,0,5,95
26,onion soup,1,1,1,1,1,1,113,3.5,0.5,1.5,1.3,16.4,6.7,7.5,1.7,0,1.3,212.4,0.02,0.022,0.099,0,0.016,1.2,0,0.095,2.5,0,0.5,0.088,54.1,0.2,1.4,4.9,0.5,22.1,137.8,0.073,1.2,87.173
27,little india little lunch,1,1,1,1,1,1,164,10.6,15.6,12.2,1.4,2,0,0,0,0,0,0,0,0,0,0,0,0,0,0,0,0,0,0,0,0,0,0,0,0,0,0,0,12.6
28,chicken and rice casserole homade,0,0,1,1,1,1,27,1,0,0,0,2.4,0,2,0.3,0,0,0,0,0,0,0,0,0,0,0,0,0,0,0,0,0,0,0,0,0,0,0,0,5.7
29,corned beef hash with potatoes,0,0,1,1,1,0,387,24.2,10.2,12.4,0.7,21.9,0.8,20.6,2.6,75.5,1,166,0,0.2,0.013,0.062,0.1,3.7,1,0.5,2.1,0,0.057,0.017,44.8,0,2.4,30.7,0.2,132.2,405.9,0.034,3.3,118.6
30,quesadilla with chicken,0,0,1,0,1,1,529,27.5,11.1,6.8,7.4,43.3,3.4,27.1,3.1,66.6,1.3,76.7,0.1,0.4,0.073,0.012,0.3,7.6,0,0.1,0.2,0.1,0.5,0.03,484.2,0.1,3.2,45,0.5,563.4,329.4,0.025,2.6,588.7
31,kung pao chicken,0,0,1,1,1,1,779,42.2,8.2,13.1,18.2,41.5,18.3,59,9.1,157,2.4,451.7,0,0.2,0,0.034,0.3,16.7,3,1.5,42.9,0,6.2,0.012,120.8,0.4,4.6,145,1.5,567.8,1316.7,0.097,4.5,320.1
32,turkey and gravy,0,0,1,1,1,0,161,6.3,2,2.3,1.1,11.1,0,14.1,0,43.2,1.3,204.2,0.018,0.067,0.058,0.099,0.3,4.3,0.5,0.2,0,0,0,0,33.6,0.035,2.2,19.2,0.045,194.4,146.4,0.003,1.7,67.374
33,lemon chicken,0,0,1,1,1,1,1440,74.9,12.2,16.4,36.7,122,55.2,68.6,7,203.8,1.5,363.6,0.099,0.3,0.069,0.028,0.4,23.3,3.1,1.5,15.9,0.045,8.1,0.2,248.4,0.2,8.4,95.6,0.6,821.7,987.4,0.001,3.2,545.212
34,sweet sour pork,0,0,1,1,0,1,38,2.2,0.4,0.5,1,3.3,1.4,1.2,0.1,3.4,0.003,7.1,0.003,0.073,0,0.002,0.053,0.3,0.086,0.003,0.3,0,0.1,0.058,6.4,0.024,0.4,1.8,0.054,18.6,21.3,0.053,0.1,13.977
35,crab cake,0,0,1,1,1,1,160,10.4,2.2,4.3,3.1,5.1,0,11.3,0.2,82.2,0.5,32,0.062,0.039,0.07,0.019,0.016,1.2,0.3,0.1,0.2,0,0,0,202.2,0.4,1.1,25.2,0.3,226.8,162,0.029,2.1,230.596
36,sweet sour chicken,0,0,1,1,0,1,46,2.3,0.4,0.5,1.2,4.4,2.1,1.8,0.2,4.9,0.043,9.5,0.031,0.002,0,0.057,0.015,0.7,0.1,0.024,0.4,0,0.2,0.098,8.2,0.098,0.4,2.7,0.1,24.7,28.9,0.04,0.057,17.773
37,chili con carne,0,0,1,1,1,0,271,8.8,3.2,3.6,1,33.1,4.7,14.7,8.3,22.8,1.1,191.5,0.4,0.095,0.049,0.005,0.091,0.029,2,3.6,0.3,0.5,0,1.3,0.063,83.5,0.6,3.4,70.8,0.4,220.1,667.9,0.039,66.245
38,chicken sandwich,0,0,0,1,1,1,468,20.9,4,8.4,5.9,39.1,6.8,30.4,2.6,65.5,1.4,91.5,0.077,0.03,0.4,0.1,0.053,0.6,14.4,0.6,0.7,1.5,0.031,4.5,0.012,108.5,0.2,3.3,44.9,0.5,346,458.2,0.064,94.051
39,sweet gefilte fish,0,0,1,1,0,1,35,0.7,0.2,0.3,0.1,3.1,0,3.8,0,12.6,0.2,33.7,0.062,0.028,0.064,0.076,0.024,0.4,0.085,0.067,0.3,0,0,0,9.7,0.01,1,3.8,0.051,30.7,38.2,0.038,0.3,18.677
40,pork tamale,0,0,1,1,1,1,247,12.8,3.8,4.6,2.9,22.4,0.7,10.4,3.4,28.4,0.7,93.8,0.037,0.045,0,0.045,0.05,1.8,0.5,0.2,0,0,0.8,0.033,106.5,0.043,1.2,36.9,0.3,170.4,215.8,0.048,1.7,156.766
41,pulled pork in barbecue sauce,0,0,1,1,1,1,418,11,3.5,4.5,1.9,46.7,37.8,32.8,3,87.2,1.7,151.9,0,0.4,0.042,0.067,0.3,7.5,2,0.6,0.5,0.064,2.2,0.099,109.6,0.2,3.1,54.8,0.2,400.9,759.5,0.049,4.6,206.7
42,taco salad with chili con carne,0,0,1,1,1,0,193,8.8,4,3,1,17.7,0,11.6,0,3.5,0.6,133.6,0.1,0.1,0.067,0.063,0.3,1.7,1,0.3,2.3,0,0,0,163.6,0.2,1.8,34.8,0.2,102.7,261,0,2.2,205.9
43,general tsos chicken,0,0,1,1,1,1,1578,87.5,14.8,20.8,40.1,128.3,62.1,69,4.8,283.6,2.3,241.6,0.081,0.1,0.049,0.08,0.6,15.3,3.3,1.1,8.6,0.015,6.5,0.2,64.2,0.2,6.2,96.3,0.4,679.5,1075.4,0.065,7,368.673
44,vegetable chicken soup,0,0,1,1,1,0,166,4.8,1.4,2.2,1,21.1,3.4,12.3,1,16.9,0.075,201,0.05,0.069,0.09,0.031,0.2,3.3,0,0.083,5.5,0,0.7,0.054,26.5,0.2,1.5,9.6,0,106,368.7,0.038,2.2,72.737
45,bean ham soup,0,0,1,1,1,0,198,2.5,0.6,1,0.7,33.5,7.8,10.3,9.8,4.9,0.5,195.8,0,0.1,0.099,0,0.068,0.8,0.3,0.1,2.7,0,1,0.035,93.1,0.2,2.5,46.6,0.6,31.9,387.1,0.021,1.3,154.4
46,scotch broth,0,0,1,1,1,0,197,6.4,2.7,1.9,1.3,23,0,12.1,3,11.9,2.1,249.7,0,0.059,0.085,0.031,0.1,2.8,0.8,0.2,2.1,0,0.2,0,35.8,0.6,2,8.9,0.9,134.1,387.4,0.026,3.9,84.4
47,vegetable soup with beef broth,0,0,1,1,1,0,162,3.8,0.9,1.1,1.6,26.3,4,6,3.2,2.5,1.3,204.8,0.2,0.1,0.008,0,0.04,1.9,0.7,0.1,4.7,0,0.3,0.065,34.4,0.3,1.9,12.3,0.7,78.7,386.2,0.041,1.6,80.5
48,consomme dry,0,0,1,1,1,0,17,0.2,0,0,0,1.9,1.1,2.2,0,0,0.8,235.9,0,0.1,0.048,0,0.2,1.3,0.051,0.039,0.2,0,0.033,0,12.5,0.021,0.2,7.5,0.08,14.9,57.3,0.058,0.082,17.2
49,chicken mushroom soup,0,0,1,1,1,0,126,6.1,1.6,2.7,1.5,15.1,1,2,4,10.1,0.8,101.3,0.04,0.019,0.065,0.03,0.1,1.6,0.3,0.046,0,0,0.8,0.061,29,0.048,0.9,8.8,0.1,27.7,158.8,0.046,1,57.171
50,beef vegetable soup,0,0,1,1,1,0,120,2.9,1,0.7,0.9,15.4,3.1,8,3,17.5,0.8,220.6,0.3,0.094,0.085,0.027,0.086,2.4,0,0.3,9,0,1.1,0.04,45,0.049,1.3,25,0.2,120,435,0.002,1.4,84.9
51,split pea soup with ham bacon,0,0,1,1,1,0,189,3.1,0.9,1.2,0.6,28.6,0,11.6,4.1,4.1,1,88.3,0,0,0,0,0,0,0,0,0,0,0,0,0,0,2.1,0,0,0,0,0,0,49.5
52,chicken mushroom chowder soup,0,0,1,1,1,0,431,23.7,6.2,4.5,9.4,38.3,0,16.2,7.5,32.3,1.8,453.8,0,0,0,0,0,0,0,0,10.8,0,0,0,0,0,2.6,0,0,0,0,0,0,99.1
53,chicken vegetable soup,0,0,1,1,1,0,148,5.6,1.7,2.5,1.2,17,3,7.1,1.7,16.9,1.7,207,0.028,0.061,0.093,0.076,0.1,2.4,0.3,0.013,1.9,0,0.6,0.036,33.9,0.2,1.7,12.1,0.7,79.9,304.9,0.001,0.7,68.983
54,turkey vegetable soup,0,0,1,1,1,0,72,3,0.9,1.3,0.7,8.6,2.6,3.1,0.5,2.4,0.9,223.9,0.1,0.031,0.076,0.077,0.097,1,0.9,0.079,0,0,0.8,0.017,16.9,0.2,0.8,4.8,0.5,41,175.9,0.017,0.6,33
55,beef mushroom soup,0,0,1,1,1,0,186,7.3,3.7,3.1,0.3,15.9,0,14,0.6,15.3,2.2,260.8,0,0.071,0.044,0.035,0.2,2.7,0.6,0.1,0,0,0,0,12.2,0.6,2.1,21.4,0.9,88.5,384.3,0,3.4,52.1
56,chicken rice soup,0,0,1,1,1,0,127,3.2,1,1.4,0.7,13,1.4,12.3,1,12,0.9,208.3,0.047,0.018,0.074,0.051,0.002,4.1,0.4,0.012,3.8,0,0.6,0.084,33.6,0.2,1.9,9.6,0.2,72,108,0.077,1,68.818
57,chili beef soup,0,0,1,1,1,0,308,6.7,3.3,2.7,0.2,49.6,13.4,13.4,6.6,26.3,2.1,186.4,0.2,0,0.1,0.004,0.067,0.2,2.1,0.6,0.3,8.2,0,2.8,0.072,86.8,0.8,4.3,50,2.1,297.2,1052,0.001,77.607
58,chicken soup,0,0,1,1,1,0,174,6.5,1.9,2.9,1.3,16.9,2.1,12.4,1.5,29.4,0.9,206.1,0.027,0.055,0.072,0.049,0.2,4.3,0.4,0.03,1.2,0,0.3,0.085,24.5,0.2,1.7,7.4,0.2,110.3,171.5,0.099,1,64.716
59,bean with frankfurters soup,0,0,1,1,1,0,188,7,2.1,2.7,1.7,22,0,10,0,12.5,1.1,207.6,0,0.1,0.038,0,0.018,1,0.1,0.1,1,0,0,0,87.5,0.4,2.4,47.5,0.8,165,477.5,0.073,1.2,129.9
60,turkey soup,0,0,1,1,1,0,135,4.4,1.2,1.8,1.1,14.1,0,10.2,0,9.4,0.9,203.8,0,0.045,0.014,0.079,0.1,3.6,0.9,0.3,6.4,0,0,0,49.6,0.2,1.9,23.6,0.2,103.8,361.1,0,2.1,86.6
61,bean with bacon soup,0,0,1,1,1,0,106,2.1,1,0.9,0.2,16.4,0.6,5.5,9,2.7,0.9,237.8,0,0.086,0.069,0,0.3,0.4,0.084,0.099,1.1,0,0.6,0.009,55.7,0.3,1.3,29.2,0.5,90.1,326,0.015,0.7,91.1
62,split pea soup with ham,0,0,1,1,1,0,381,8.9,3.5,3.6,1.3,56.2,0,20.7,4.6,16.2,1.7,177.3,0,0.3,0.041,0,0.2,3,0.5,0.1,3,0,0,0,43.2,0.7,4.6,97.2,1.4,429.3,801.9,0.081,2.7,141.2
63,lentil soup with ham,0,0,1,1,1,0,139,2.8,1.1,1.3,0.3,20.2,0,9.3,0,7.4,1.3,212.7,0,0.2,0.036,0.056,0.1,1.4,0.3,0.2,4.2,0,0,0,42.2,0.2,2.7,22.3,0.3,183.5,357.1,0.011,0.7,81.4
64,clam chowder soup,0,0,1,0,1,0,154,4.4,0.8,0.8,2.6,24.5,6.8,4.4,3,5,1.8,212.4,0.051,0.087,0.053,0.065,0.086,1.6,0.4,0.2,8.1,0,2.6,0.011,47.9,0.3,3.3,20.2,0.8,83.2,378,0.057,1.9,95.69
65,vegetable beef soup,0,0,1,1,1,0,128,2,0.6,0.7,0.3,9.6,0,18.1,4.4,8.8,1.1,258.7,0,0,0,0,0,0,0,0,0,0,0,0,0,0,0,0,0,0,0,0,0,34.1
66,oyster stew soup,0,0,1,0,1,0,118,7.7,5,1.8,0.3,8.2,0,4.2,0,27.1,1.8,221.1,0,0.068,0.028,0.061,0.077,0.5,0.2,0.058,6.4,0,0,0,44.3,3.2,2,9.8,0.7,95.9,98.4,0.035,20.7,72.8
67,bean with pork soup,0,0,1,1,1,0,335,11.5,3,4.2,3.5,44.1,7.8,15.3,15.3,5.2,1.7,182.4,0.021,0.2,0.054,0,0.03,1.1,0.029,0.036,3.1,0,2.3,0.011,156,0.4,4,85.8,0.6,254.8,975,0.052,2,249.324
68,shark fin soup,0,0,1,1,1,0,99,4.3,1.1,1.3,0.7,8.2,0,6.9,0,4.3,1.1,194.7,0,0.019,0.048,0.009,0.086,1.1,0.3,0.017,0.2,0,0,0,21.6,0.2,2,15.1,0.002,45.4,114.5,0,1.8,43.2
69,crab soup,0,0,1,1,1,0,95,0.8,0.2,0.2,0.3,12.5,0,10.4,2.4,41.5,0.6,217.4,0,0.064,0.07,0.088,0.1,2.5,0.3,0.1,9.3,0,0,0.041,83,0.5,1.9,41.5,0.5,153.7,434.3,0.049,1.9,120.3
70,tripe soup,0,0,1,1,1,0,148,5.2,2.1,2.2,0.6,8.1,0,17.2,0,118,0.8,166.8,0,0.041,0,0.093,0.011,1,0.3,0.013,0,0,0.8,0.031,44,0.049,1.4,20,0.1,84,162,0.039,2.1,75.9
71,crispy chicken drumstick kentucky fried chicken,0,0,1,1,1,1,70,3,0.8,1.2,0.8,0,0,10.6,0,56.2,0.2,26.6,0.025,0.08,0,0.08,0.1,2.2,0.5,0.1,0,0,0,0,6.6,0.098,0.4,9.4,0.091,91.8,111.9,0.015,1,20.632
72,chicken crispy drumsticks kentucky fried chicken,0,0,1,1,1,1,156,10.1,2.2,3.4,3.6,4.5,0,11.8,0,62.1,0.4,29.3,0.071,0.045,0,0.028,0.1,2.6,0.6,0.1,0,0,0,0,14.3,0.2,0.5,12,0.06,112.9,135.1,0.064,1,41.248
73,hotdog,0,0,1,1,1,1,383,23,8.1,10.8,2.7,28.5,0,16.4,0,69.8,1.1,83.6,0,0.4,0.096,0.043,0.4,5.8,0.8,0.094,0.2,0,0,0,37.2,0.1,3.7,20.2,0.1,153.5,226.3,0.09,3.1,109
74,hotdog with chili,0,0,1,1,1,1,296,13.4,4.9,6.6,1.2,31.3,0,13.5,0,51.3,0.5,54.5,0,0.2,0.031,0.017,0.4,3.7,0.5,0.003,2.7,0,0,0,19.4,0.1,3.3,10.3,0.1,191.5,166.4,0.038,0.8,83.6
75,chicken crispy wings kentucky fried chicken,0,0,1,1,1,1,148,10.1,2.1,3.3,3.8,5.1,0,9.2,0,47.1,0.3,18.4,0.033,0.029,0,0.051,0.033,2.4,0.5,0.1,0,0,0,0,15.4,0.2,0.3,9.7,0.015,84.5,98.1,0.003,0.5,40.161
76,taco salad,1,1,1,1,1,1,212,11.2,5.2,3.9,1.3,17.9,0,10,0,33,0.6,108.5,0,0.091,0.072,0.097,0.3,1.9,1,0.2,2.7,0,0,0,145.5,0.2,1.7,39,0.3,108,315,0.001,2,189
77,spinach souffle,0,1,1,0,1,1,230,17.6,10.1,5,1,8,2.5,10.7,1,160.5,0.8,96.2,0.2,0.1,0.025,0.061,0.4,0.7,0.6,0.1,9.9,0.063,1.3,0.2,224.4,0.093,1.6,40.8,0.4,189,314.2,0.01,1.2,273.4
78,potato gratin,0,1,1,0,1,1,328,18.6,11.6,5.3,0.7,27.6,0,12.4,4.4,56.4,1.1,181.3,0.2,0.2,0.053,0,0.3,2.4,0.9,0.4,24.3,0,0,0,291.6,0.4,1.6,49,0.4,276.9,970.2,0.036,1.7,380.7
79,pupusas con queso,0,1,1,0,1,1,300,15.5,7.6,4,1.8,26.2,1.4,13.7,3.4,37.4,0.5,58.9,0.1,0.099,0,0.066,0.1,0.6,0.4,0.2,0,0,0.5,0.073,380.3,0.081,0.7,42.1,0.1,317.1,140.4,0.07,2.2,439.9
80,egg drop soup,0,1,1,1,1,1,65,1.5,0.4,0.5,0.3,10.3,0.2,2.8,1,55.4,0.9,223.8,0.002,0.013,0.021,0,0.079,0.4,0.3,0.096,15.7,0.08,0.3,0.041,16.9,0.081,0.6,4.8,0.023,36.2,53,0.028,0.2,48.808
81,chocolate chip granola bar,0,1,0,0,0,1,105,3.9,2.7,0.6,0.3,17.3,0,1.8,1.1,0,0.062,0.6,0,0.076,0.014,0,0.071,0.1,0.1,0.057,0.1,0,0,0,18.5,0.008,0.7,17.3,0.4,49,60.2,0.018,0.5,43.38
82,peanut granola bar,1,1,0,1,0,1,116,5.7,0.8,1.7,2.9,15,8.2,2.4,0.7,0,0.006,0.6,0.062,0.006,0.01,0,0.008,0.5,0.1,0.023,0.012,0,1.3,0.095,9.8,0.02,0.6,13.2,0.3,33.4,69.8,0.061,0.3,34.218
83,coconut granola bar,1,1,0,1,0,1,150,9.1,6.4,1.4,0.9,15.6,9.7,1.5,1.8,0,0.006,1.7,0,0.041,0.008,0.053,0.064,0.1,0,0.056,0.1,0,0.019,0.072,11.9,0.045,0.5,15.8,0,43.6,71.9,0.053,0.3,40.5
84,almond granola bar,1,1,0,1,0,1,119,6.1,3,1.9,0.9,14.9,0,1.8,1.2,0,0.067,0.7,0,0.031,0.009,0,0,0.1,0.1,0.077,0,0,0,0,7.7,0.017,0.6,19.4,0.3,54.7,65.5,0.06,0.4,32.3
85,fruit granola bar,1,1,0,1,0,1,82,0.2,0.034,0.032,0.093,18.6,13.3,1.4,1.8,0,0.028,3.3,0,0.006,0.007,0.002,0.009,0.034,0,0.4,0.4,0,0.071,0.099,0.7,0.003,1,12,0,29.3,52.8,0.052,0.3,24.1
86,granola bar,1,1,0,1,0,1,99,4.2,0.5,0.9,2.5,13.5,6,2.1,1.1,0,0.084,0.8,0,0.059,0.011,0,0.061,0.3,0.2,0.003,0.2,0,0.4,0.022,12.8,0.081,0.6,20.4,0.4,58.2,70.6,0.027,0.4,34.5
87,vegetarian stew,1,1,1,1,1,1,304,7.4,1.2,1.8,3.8,17.3,3.1,42,2.7,0,1,172.9,0,1.7,0.3,0.093,1.5,29.6,0,2.7,0,0,1.2,0.041,76.6,1.6,3.2,313.7,0,543.4,296.4,0.05,2.7,149.2
88,tostada with guacamole,1,1,1,1,1,1,180,11.6,4.9,4.2,1.5,16,0,6.2,0,19.6,0.4,94.6,0.016,0.092,0.004,0.047,0.3,1,1,0.1,1.8,0,0,0,211.4,0.1,0.8,36.5,0.2,116.1,324.9,0.096,2,247.853
89,falafel,1,1,1,1,1,1,57,3,0.4,1.7,0.7,5.4,0,2.3,0,0,0.081,5.9,0,0,0.006,0.009,0,0.074,0.2,0.011,0.01,0.3,0,0,0,9.2,0.002,0.6,13.9,0.1,32.6,99.5,0.018,10.763
90,spinach pasta cooked,1,1,0,1,1,1,37,0.3,0.078,0.073,0.043,7.1,0,1.4,0,9.3,0.004,19.4,0.039,0.084,0.041,0.069,0.091,0.3,0.079,0.071,0,0,0,0,5.1,0.093,0.3,6.8,0.044,16.1,10.5,0,0.2,14.201
91,tomato soup canned,1,1,1,1,1,0,139,3.3,1.8,0.8,0.3,22.6,16.5,6.3,1.5,10.1,0.5,216.7,0.014,0.036,0.097,0.061,0.3,1.4,0.5,0.2,15.9,0.07,0.5,0.083,173.9,0.2,1.4,30.2,0.2,156.2,461.2,0.067,0.9,224.932
92,black bean soup,1,1,1,1,1,1,234,3.4,0.9,1.2,1.1,39.6,6.4,12.4,17.5,0,2.5,193.6,0,0.1,0.2,0,0.1,1.1,0.4,0.2,0.5,0,0.9,0.035,90,0.8,3.9,84.8,1.3,192.8,642.5,0,2.8,167.3
93,green pea soup,1,1,1,1,1,1,320,5.7,2.7,1.9,0.7,51.7,16.7,16.7,10,0,1.7,175.5,0.067,0.2,0.072,0,0.1,2.4,0.3,0.1,3.3,0,0.5,0.024,53.8,0.7,3.8,76.8,1.3,243.2,371.2,0.099,3.3,145.005
94,vegetable soup,1,1,1,1,1,1,149,4,0.6,1.7,1.5,24.6,7.9,4.3,1.3,0,1.3,214,0,0.1,0.051,0,0.049,1.9,0.7,0.1,3,0,2.9,0.041,42.8,0.3,2.2,15.1,0.9,70.6,430.9,0.088,1,82.2
95,pea soup,1,1,1,1,1,1,161,2.8,1.4,1,0.4,25.6,8.3,8.3,4.9,0,0.015,219,0.055,0.1,0.008,0,0.074,1.2,0,0.008,1.6,0,0.2,0.066,31.1,0.4,1.9,38.9,0,121.7,183.9,0.041,1.7,76.26
96,tomato soup,1,1,1,1,1,1,98,0.7,0.2,0.2,0.2,22.5,12.2,2.2,1.6,0,0.6,119.6,0,0.044,0,0,0.076,1.3,0,0.1,19.1,0,0.5,0.034,19.2,0.012,0.9,20.7,0.2,45.9,831.8,0.081,0.3,66.2
97,tomato vegetable soup,1,1,1,1,1,1,54,0.8,0.4,0.3,0.054,9.9,2.4,1.9,0.7,0,0.3,230.9,0,0.088,0.03,0,0.091,1.2,0.1,0.095,2.9,0,0.4,0.079,19.6,0.1,0.6,9.8,0.1,34.3,164.2,0.06,0.2,36.4
98,tomato rice soup,1,1,1,1,1,1,240,5.5,1,1.2,2.7,44.1,15.2,4.2,3.4,2.6,1.6,199,0.042,0.1,0.049,0,0.1,2.1,0.3,0.2,29.7,0,4.5,0.081,46.4,0.3,1.6,10.3,0.8,67.1,663.1,0.098,1,134.933
99,split pea soup,1,1,1,1,1,1,180,2.3,0.8,0.9,0.4,29.9,12.8,9.7,4.8,5.1,0.4,208.5,0,0.2,0.019,0,0.079,1.2,0.6,0.2,0,0,0.5,0.022,43,0.3,1.9,35.4,0.5,136.6,463,0.088,1,91.6
100,tomato bisque soup,1,1,1,0,1,1,248,5,1.1,1.4,2.2,47.7,0,4.5,2.1,10.3,1.8,194.3,0.017,0.1,0.097,0,0.1,2.3,0.3,0.2,11.9,0,0,0,80,0.3,1.7,18.1,0.5,121.3,838.5,0,1.2,152.913
101,lasagna,0,0,0,0,1,1,166,6.1,2.9,2.2,0.5,18.9,3.8,9,2.1,20.9,0.5,87.2,0.2,0.074,0.096,0,0,0.025,1.9,0.4,0.2,3.1,0,1,0.08,108.2,0.1,0.9,24.6,0.2,141.5,241.1,0.001,36.675
102,savoury noodle one pan dinner tandaco,1,1,0,1,1,1,172,1.2,0.5,32.9,3.6,5.5,0,0,0,0,0,0,0,0,0,0,0,0,0,0,0,0,0,0,0,0,0,0,0,0,0,0,0,6.7
103,ramen noodle soup dry,1,1,0,1,1,1,371,13.3,6.4,5.6,1.2,53.9,1.3,8.9,2,0,1.7,4.2,0,0.9,0.008,0.035,0.2,3.5,0.2,0.014,0.3,0,1.3,0.038,24.7,0.1,3.4,19.6,0.4,101.2,152.2,0.021,0.7,106.5
104,chinese egg roll,0,1,0,1,1,1,223,10.6,1.9,2.7,5,24.3,0,7.4,2.3,14.2,0.4,45,0,0.1,0,0.079,0.001,2.4,0.3,0.1,0,0,0,0.066,35.6,0.1,1.3,16,0.2,75.7,146.9,0,0.6,81.5
105,beef empanada,0,0,0,1,1,1,298,16.3,4.6,6.3,3.8,27.8,1.6,10.1,1.8,23.1,0.4,33.4,0,0.2,0,0.094,0.2,4.2,0.4,0.1,0,0,0.6,0.072,17.8,0.051,2.4,18.7,0.2,91.7,169.1,0.037,1.7,76.2
106,burrito with beef,0,0,0,1,1,1,285,8.1,1.7,1.7,4,43.9,4.1,9.1,4.4,2.6,0.5,65.8,0.036,0.036,0.4,0.2,0.023,0.2,3.2,1.8,0.1,0.4,0,0.5,0.042,67.1,0.2,3.2,40,0.5,150.9,270.9,0.002,65.89
107,crispy chicken sandwich,0,0,0,1,1,1,350,17.6,3.3,4,8.4,33.2,3.9,14.8,0,0,0.7,57.9,0,0,0,0,0,0,0,0,0,0,0,0,46.6,0.09,1.9,25.2,0.3,229.3,233.1,0,0.7,114.1
108,pork egg roll,0,1,0,1,1,1,189,6.1,1.3,2,2.1,25.1,4.5,8.4,1.8,11.9,0.3,43.6,0,0.2,0.019,0.071,0.023,1.9,0.4,0.1,24.9,0.085,0.2,0.064,28.9,0.024,1.3,17,0.3,77.4,180.2,0.071,0.8,96.5
109,chicken egg roll,0,0,0,1,1,1,158,3.6,0.8,1.1,1.5,22.8,4.5,8.4,1.9,11.2,0.4,43.3,0.085,0.2,0.013,0.019,0.1,2.9,0.5,0.2,9,0,0.3,0.072,37.6,0.056,1.4,24,0.3,94.4,224.8,0.032,0.4,84.75
110,burrito with beans beef,0,0,0,1,1,1,460,18,7,7.8,1.4,47,5.3,27.8,7.2,62.7,1.4,144.6,0.096,0.4,0.2,0.088,0.3,5.3,0.8,0.5,4.6,0.059,1.1,0.022,216.9,0.3,4.6,60.3,0.6,392.8,648.3,0.031,4.8,326.183
111,turkey pot pie,0,0,0,0,1,1,699,34.9,11.4,13.7,5.5,70.3,0,25.8,4.4,63.5,1.4,260.8,0,0,0,0,0,0,0,0,0,0,0,0,0,0,4,0,0,0,0,0,0,139.4
112,chimichanga with beef,0,0,0,1,1,1,425,19.7,8.5,8.1,1.1,42.8,0,19.6,0,8.7,0.9,88.2,0,0.5,0.068,0.042,0.6,5.8,2.1,0.3,4.7,0,0,0,62.6,0.4,4.5,62.6,0.6,123.5,586.4,0.029,5,153.9
113,chicken pot pie,0,0,0,0,1,1,598,34.6,12.6,11.9,8.3,57.3,7.2,14.6,3,51.3,1.2,191.6,0,0.2,0.1,0.024,0.03,4.5,1.1,0.2,3,0.024,1.1,0.034,63.4,0.1,1.8,33.2,0.6,226.5,317.1,0.003,1.3,177.7
114,chicken chow mein,0,0,0,1,1,1,513,16.9,3,3.7,7.4,50.1,10.5,40.8,6,96.6,1.9,489.3,0.093,0.2,0,0.092,0.1,8.9,1.6,1.1,12.1,0,2.6,0.1,126.8,0.2,4,66.4,0.6,326.2,749,0.086,1.9,256.797
115,spaghetti with meat sauce,0,0,0,1,1,1,255,2.9,1,0.9,0.9,43.1,7.4,14.3,5.1,17,0.7,220.2,0,0.3,0.1,0.077,3.8,0.5,0.2,0.2,15.3,0,1.4,0.002,50.9,0.4,3.5,42.5,0.6,138.7,407.5,0.061,1.4,135.1
116,pasta with meatballs in tomato sauce,0,0,0,1,1,1,273,13,5,5.7,0.9,28.3,7.2,10.6,6.9,23,0.7,199.5,0.052,0.2,0.089,0.042,0.3,5.1,0.5,0.2,7.7,0.061,2,0.027,30.6,0.2,3.3,35.7,0.6,117.3,359.6,0.023,1.5,100.474
117,pasta with sliced franks in tomato sauce,0,0,0,1,1,1,227,6,2.5,2.5,1,32,8,11,4,22.7,0.7,197.1,0.054,0.2,0.1,0.031,0.2,2.9,0.6,0.2,9.6,0.07,1.9,0.072,151.2,0.3,2.3,35.3,0.3,108.4,481.3,0.02,1.3,216.154
118,beef noodle soup,0,0,0,1,1,0,168,6.2,2.3,2.5,1,17.9,5.2,9.6,1.5,10,1.6,211.1,0.037,0.1,0.017,0.037,0.1,2.1,0.4,0.079,0.8,0,2.5,0.02,30,0.3,2.2,12.5,0.5,92.5,197.5,0.063,3.1,68.232
119,chicken dumplings soup,0,0,1,1,1,0,235,13.4,3.2,6.1,3.2,14.7,1.4,13.6,1.2,80.5,1.8,249.8,0.077,0.074,0.027,0.024,0.2,4.3,0.4,0.037,0,0,1.3,0.086,35.8,0.3,1.5,8.9,1.2,149,283.1,0.048,0.9,80.269
120,wonton soup,0,0,0,1,1,0,71,0.6,0.1,0.2,0.2,11.7,0.8,4.6,0.4,8.9,0.9,203.3,0.043,0.08,0.06,0.074,0.043,1.3,0.3,0.2,1.6,0,0.1,0.058,11.2,0.041,0.5,6.7,0.042,40.1,71.4,0.074,0.3,30.692
121,tomato beef noodle soup,0,0,0,1,1,0,281,8.6,3.2,3.5,1.4,42.3,0,8.9,3,7.5,1.8,185.9,0,0.2,0.05,0.077,0.2,3.7,0.4,0.2,0,0,1.6,0,35.1,0.3,2.2,15.1,0.5,113,441.8,0.037,1.5,100.1
122,chicken noodle soup,0,0,0,1,1,0,145,4.7,1.2,1.6,1,18.4,0,7.2,2.7,24.2,2.1,267.2,0.029,0.011,0.2,0.097,0.001,0.2,3.7,0.5,0.1,0,0,0.2,0,18.2,0.4,2,24.2,0.3,115.1,145.4,0.095,33.513
123,turkey noodle soup,0,0,0,1,1,0,139,4,1.1,1.6,1,17.3,1,7.8,1.5,10.1,1.6,217.7,0.082,0.1,0.06,0.052,0.1,2.8,0.4,0.017,0.3,0,0.4,0.062,22.7,0.3,1.9,10.1,0.5,95.8,151.2,0.028,1.2,55.582
124,chicken gumbo soup,0,0,1,1,1,0,113,2.9,0.7,1.3,0.7,16.8,4.9,5.3,4,7.6,1.7,221.8,0,0.5,0.041,0,0.8,1.3,0.4,0.1,10.1,0,0.9,0.024,47.9,0.3,1.8,7.6,0.5,50.4,151.2,0.084,0.8,88.8
125,original chicken sandwich chick fil a,0,0,0,1,1,1,125,5.1,11.6,7.9,0.6,0,0,0,0,0,0,0,0,0,0,0,0,0,0,0,0,0,0,0,0,0,0,0,0,0,0,0,0,5.1
126,sausage mcmuffin mcdonalds,0,0,0,0,1,1,383,24.2,8.3,8.9,3.7,28.2,2.2,14.6,1.6,44.9,0.8,44.8,0,0.4,0.008,0.03,0.3,4.8,0.6,0.2,0,0,0.3,0,257.6,0.1,2.3,24.2,0.3,187.5,216.2,0,1.5,328.5
127,sausage mcgriddles mcdonalds,0,0,0,0,1,1,421,24,7.3,10.2,3.5,42.2,15.2,11.4,1.4,32.4,1,54.1,0,0.3,0.037,0.038,0.2,4.2,0.5,0.1,0,0,0,0,85.1,0.1,1.9,18.9,0.3,426.6,195.8,0,1,166
128,mcchicken mcdonalds,0,0,0,1,1,1,358,17.3,3.1,5.8,6.5,36.6,4.7,13.7,1.7,35.4,0.8,60.4,0.1,0,0.3,0,0.034,0.3,5.2,0,0,0,0,0,0,115.3,0.1,2.3,26.2,0.5,182.1,226.6,0,69.5
129,crispy chicken wing kentucky fried chicken,0,0,1,1,1,1,104,5.3,1.1,1.7,1.8,1.3,0,12.6,0,64.2,0.3,23.7,0.019,0.029,0,0.023,0.032,3.1,0.5,0.2,0,0,0,0,13.2,0.006,0.4,11,0.085,99.4,116.6,0.033,0.8,32.851
130,chicken strips burger king,0,0,1,1,1,1,105,5.5,1,1.5,2.7,7.4,0,6.6,0.5,15.8,0.3,15.5,0.055,0.076,0.08,0.02,0.065,0.046,2.9,0.2,0.1,0.4,0,1.4,0.046,4.7,0.005,0.2,9.7,0.036,104.8,113.4,0.07,20.168
131,crispy chicken breast kentucky fried chicken,0,0,1,1,1,1,214,6.7,1.7,2.4,2.3,0.4,0,38.2,0,121.8,0.7,92,0.061,0.049,0,0.055,0.2,15.3,2.3,0.6,0,0,0,0,28,0.008,0.7,39.2,0.092,354.2,432.6,0.042,1.2,74.065
132,sausage biscuit mcdonalds,0,0,0,0,1,1,440,29.7,12.5,10.3,4,31.8,2.3,11.3,1.4,33.9,1,40.6,0.049,0.5,0.1,0.029,0.3,5,0.6,0.1,0,0,0.9,0,64.4,0.031,2.4,15.2,0.2,377.9,207.1,0,1,141.05
133,sausage burrito mcdonalds,0,0,0,1,1,1,339,17.1,6.1,6.5,2.4,24.2,1.4,13,1.2,172.9,0.8,55.8,0.004,0.2,0.045,0.036,0.3,1.9,0.9,0.4,0.9,0,0.2,0,203.4,0.005,1.8,19.2,0.2,247.5,154.8,0,1.3,261.627
134,crispy chicken thigh kentucky fried chicken,0,0,1,1,1,1,163,9.1,2.5,3.8,2.1,0,0,20.4,0,107.4,0.5,59.8,0.078,0.043,0,0.057,0.2,4.8,1.2,0.3,0,0,0,0,19.1,0.037,0.9,20,0.095,202.9,246.6,0.04,1.7,49.591
135,corn dog,0,0,0,1,1,1,195,9.4,2.7,3.7,2.6,21,5.9,6.7,0.8,34.3,0.5,39.2,0.1,0.028,0.1,0.014,0.023,0.1,2.2,0.6,0.059,0.4,0.044,0.5,0.086,56.2,0.1,1.5,13.3,0.029,174.7,97.5,0.012,38.257
136,crispy chicken strips kentucky fried chicken,0,0,1,1,1,1,129,7.2,1.4,2,3.2,6.4,0,9.5,0.7,24,0.4,22.5,0,0.075,0,0.006,0.015,4,0.6,0.2,0,0,0.4,0.092,11.8,0.014,0.3,15.5,0.1,140.1,156.5,0.067,0.3,35.9
137,chicken crispy breast kentucky fried chicken,0,0,1,1,1,1,375,23.2,5,7.6,8.8,11.9,0,29.7,0,106.4,0.8,72,0.023,0.067,0,0.083,0.1,11.4,1.9,0.4,0,0,0,0,37.8,0.6,0.8,33.6,0.2,301,361.2,0.09,1.1,103.428
138,spaghetti with meatballs,0,0,0,1,1,1,200,8.2,2.9,3.3,1.1,22.9,5.8,8.7,5.4,14,0.6,157.6,0.2,0.072,0.2,0.08,0.083,0.1,4,0.6,0.1,3.8,0.049,1,0.036,58,0.1,2.1,26,0.3,114,434,0.057,45.656
139,meat ravioli canned,0,0,0,1,1,1,259,8.9,3.7,4.2,0.6,36,6.3,8.9,4.2,13.1,0.9,205.1,0.088,0.1,0.039,0.063,0.2,3.4,0,0.2,0,0,1.4,0.09,34.1,0.1,2.8,34.1,0.4,112.7,442.8,0.019,1.2,94.963
140,premium crispy chicken ranch blt sandwich mcdonalds,0,0,0,0,1,1,586,22.9,4.7,9.1,7.8,59.8,13.3,35.3,3.4,72,1.2,116.7,0,0.5,0,0,0.4,12.6,2.3,0,10.3,0,0,0,84,0,3.4,0,0,0,0,0,0,219.1
141,steak sandwich,0,0,0,1,1,0,459,14.1,3.8,5.3,3.3,52,0,30.3,0,73.4,0.8,104.2,0,0.4,0.004,0.038,0.4,7.3,0.9,0.4,5.5,0,0,0,91.8,0.2,5.2,49,0.4,297.8,524.3,0.008,4.5,198.9
142,double hamburger,0,0,0,1,1,0,942,58.6,21.6,22.9,11.3,51.4,13.2,52.1,5.2,172,1.1,206.8,1.5,0,0.7,0.2,0.036,0.7,12.1,0.7,0.4,0.7,0.059,2.5,0.094,130.9,0.4,10.5,67.3,0.7,415.1,718.1,0.026,169.626
143,premium grilled chicken classic sandwich mcdonalds,0,0,0,1,1,1,366,8.6,1.7,2.3,4.1,44.6,10,28.3,2.8,68,0.8,114.6,0.051,0.4,0,0.065,0.4,13,1.9,0.6,6.4,0,1.1,0,74,0.1,3,56,0.7,390,456,0,1.4,167.718
144,premium grilled chicken club sandwich mcdonalds,0,0,0,0,1,1,493,18,6.4,5.6,4.8,44.3,6.4,38.3,2.7,102.6,1,117.1,0,0.4,0,0,0.4,12.4,1.8,0,9.8,0,0,0,211.9,0,3.1,0,0,0,0,0,0,328.1
145,quarter pounder mcdonalds,0,0,0,1,1,0,417,19.8,6.9,7.2,0.5,37.9,8.8,24.1,2.7,66.7,0.7,86.1,0,0.3,0.052,0.029,0.6,7.6,0,0,1.5,0,0,0,143.6,0.2,4.1,37.6,0.3,212,388.2,0,4.6,233.7
146,premium crispy chicken classic sandwich mcdonalds,0,0,0,1,1,1,524,20,3.2,7.3,8.5,58.6,12.4,27.8,3.2,59.8,1,119.6,0,0.5,0.1,0,0.4,12.7,2.4,0,5.8,0,0,0,78.2,0.2,3.3,62.1,1,370.3,522.1,0,1.5,196.9
147,premium grilled chicken ranch blt sandwich mcdonalds,0,0,0,0,1,1,412,10.9,3,3.8,3.4,44.3,10.5,33.7,2.8,76.8,1,108.3,0,0.4,0,0,0.4,12.5,1.8,0,9.9,0,0,0,76.8,0,3,0,0,0,0,0,0,181.4
148,big mac mcdonalds,0,0,0,0,1,0,563,32.8,8.3,7.6,0.7,44,8.7,25.9,3.5,78.8,1,112.3,0,0.4,0.1,0.048,0.5,7.4,0,0,0.9,0,0,0,254,0.2,4.4,43.8,0.5,267.2,396.4,0,4.2,365.5
149,sandwich with cold cuts,0,0,0,1,1,0,833,39.3,13.9,14.5,7.5,79.9,12.4,41.1,4.7,105.6,2.2,221,0.5,0.004,1.3,0.4,0.051,1,16.9,1.5,0.8,29.3,0.012,1.6,0.023,668.6,0.5,7.1,78.2,0.9,437.9,1102.6,0.065,166.871
150,filet o fish mcdonalds,0,0,0,1,1,1,378,19.6,3.8,5.4,8,35.4,4.9,15.1,1.9,42.9,0.6,61.3,0,0.3,0.073,0.054,0.2,3,0,0,0.4,0,1.6,0.058,160.8,0.025,2.1,36.2,0.4,183.6,294.8,0.017,0.8,235.3
151,hand breaded chicken tenders carls jr,0,0,1,1,1,1,57,2.9,0.6,2.9,5.5,0.2,0,0,0,0,0,0,0,0,0,0,0,0,0,0,0,0,0,0,0,0,0,0,0,0,0,0,0,3.1
152,grilled chicken sandwich wendys,0,0,0,1,1,1,370,8,42,34,0,0,0,0,0,0,0,0,0,0,0,0,0,0,0,0,0,0,0,0,0,0,0,0,0,0,0,0,0,8
153,hamburger burger king,0,0,0,1,1,0,258,10.4,3.8,4.2,1.2,26.5,5.5,14.7,2,34.7,0.5,45.5,0.5,0,0.3,0.026,0,0.2,3.9,0.2,0.056,0.2,0,0.068,0.049,75.2,0.1,2.8,24.8,0.3,124.7,214.8,0.055,54.28
154,big n tasty mcdonalds,0,0,0,1,1,0,524,31.7,8.6,9.7,6.9,38.5,8.8,24.7,3.2,76.6,0.7,133.9,0,0.3,0.1,0.017,0.6,7.7,0,0,4.4,0,0,0,150.8,0.2,4.4,41.8,0.4,227.4,464,0,4.8,257.7
155,hamburger,0,0,0,1,1,0,255,9.9,3.5,3.7,1.3,28.7,5.8,12.9,1.7,28.1,0.5,43.5,0.4,0.088,0.3,0.082,0.092,0.2,3.9,0.3,0.1,0.3,0.041,0.053,0.068,112.5,0.027,2.8,21.3,0.2,106.7,191.1,0.017,53.859
156,premium fish sandwich burger king,0,0,0,1,1,1,572,27.4,4.3,5.7,13.8,58.7,7.8,22.6,2,68.2,1.3,106.6,0,0.4,0,0,0.4,4.6,0.4,0.054,0.4,0,0,0.014,81.4,0.2,3.3,55,0.6,255.2,453.2,0.08,1.1,195.8
157,whopper burger king,0,0,0,1,1,0,790,48.4,18.3,16,12,52.8,13,35.4,3.2,113.8,1.4,173.5,0,0.7,0.2,0,0.6,8.1,0.6,0.2,0.6,0,0.3,0.008,259.1,0.2,6.3,56.9,0.6,357.1,534,0.032,5.1,405.8
158,original chicken sandwich burger king,0,0,0,1,1,1,569,29.2,5.4,7.4,14.4,52.2,6,24.2,4.8,61.7,1.3,89,0,0.6,0.075,0,0.3,9.4,0.9,0.3,0.4,0,0,0.019,91.5,0.2,3.6,45.8,0.8,254.7,390,0.037,1.2,205.9
159,double whopper burger king,0,0,0,1,1,0,942,58.6,21.6,22.9,11.3,51.4,13.2,52.1,5.2,172,1.1,206.8,0,0.7,0.2,0,0.7,12.1,0.7,0.4,0.7,0,0,0.023,130.9,0.4,10.5,67.3,0.7,415.1,718.1,0.082,11.2,309.4
160,premium crispy chicken club sandwich mcdonalds,0,0,0,0,1,1,635,29.9,8.5,10.7,9,57.4,12.7,39.1,3,96.5,1.2,122,0,0.4,0,0,0.4,12.1,2.3,0,9.7,0,0,0,233.7,0,3.4,0,0,0,0,0,0,376.2
161,hamburger mcdonalds,0,0,0,1,1,0,251,9.6,3.3,3.6,1.3,28.8,5.7,12.3,1.2,25.7,0.5,42.3,0.4,0,0.2,0.03,0.008,0.2,4.3,0,0,0.6,0,0,0,120.7,0.049,2.7,20,0.3,101.7,182.4,0.066,52.357
162,sausage pizza,0,0,0,0,1,1,325,14.3,5.8,4.7,2.7,35.5,3.9,13.3,2.7,26.7,0.7,49.9,0.3,0.019,0.4,0.1,0.055,0.2,4.4,0,0.099,2,0,1.1,0.078,167,0.1,2.8,27.8,0.4,223.9,228.5,0.003,66.337
163,pepperoni pizza,0,0,0,0,1,1,313,13.2,5.7,4.3,2.3,35.5,3.6,13,2.6,27.8,0.8,46.4,0.3,0.035,0.5,0.1,0.001,0.2,4.6,0,0.093,1,0,1,0.05,169.8,0.1,2.8,26.6,0.4,219.8,216.5,0.022,64.836
164,pepperoni pizza pizza hut,0,0,0,0,1,1,269,10.9,5,3.9,2,30.3,3.5,12.3,1.6,25,0.8,39.7,0.087,0.3,0,0.073,0.3,3.9,0.4,0.1,0,0,0.7,0.037,148.8,0.038,2.1,22.1,0.4,209.3,198.7,0.021,1.6,206.086
165,meat vegetable pizza,0,0,0,0,1,1,332,14.8,6,5.2,2.6,34.5,5.1,15,3,36.7,0.8,68.5,0.032,0.3,0.045,0.045,0.4,4.2,0.6,0.1,0.1,0,1.2,0.065,163.2,0.2,2.5,31.3,0.4,248.9,250.2,0.075,1.7,233.148
166,picnic loaf,0,0,1,1,1,1,65,4.7,1.7,2.2,0.5,1.3,0,4.2,0,10.6,0.3,16.9,0,0.1,0.005,0.004,0.01,0.6,0.2,0.083,0,0.025,0,0,13.2,0.078,0.3,4.2,0.094,35,74.8,0.025,0.6,23.7
167,tamale navajo,0,0,1,1,1,1,285,11.4,4.5,5.1,1.3,33.7,1.8,11.7,5.8,31.6,0.8,126.7,0,0.057,0.069,0.032,0.1,3,0.4,0.3,3.2,0,0,0,53.9,0.1,2.3,40.9,0.3,184.1,243.7,0.053,2.8,122
168,vegetable egg roll,0,1,0,1,1,1,153,3.6,0.6,1,1.7,25,5.3,5.2,2.2,0,0.4,42.5,0,0.2,0.04,0.014,0.1,1.6,0.3,0.1,10.7,0,0.4,0.099,35.9,0.082,1.5,20.3,0.4,64.7,195,0.005,0.4,84.1
169,blueberry pancakes,0,1,1,1,0,1,84,3.5,0.8,0.9,1.6,11,0,2.3,0,21.3,0.2,20.2,0.023,0.016,0.093,0.044,0.1,0.6,0.2,0.054,0.8,0,0,0,78.3,0.031,0.7,6.1,0.089,57.4,52.4,0.01,0.2,96.631
170,spinach egg noodles cooked,0,1,0,1,1,1,211,2.5,0.6,0.8,0.6,38.8,1.1,8.1,3.7,52.8,0.068,109.6,0.037,0.4,0.1,0.071,0.2,2.4,0.4,0.2,0,0.053,0.9,0.2,30.4,0.1,1.7,38.4,0.5,91.2,59.2,0.028,1,85.297
171,egg white delight mcdonalds,0,1,0,0,1,1,250,16,4,18,4,0,0,0,0,0,0,0,0,0,0,0,0,0,0,0,0,0,0,0,0,0,0,0,0,0,0,0,0,16
172,french toast sticks burger king,1,1,0,1,0,1,73,3.7,0.8,2,0.5,8.7,2.1,1.3,0.3,0,0.014,7,0,0.066,0,0,0.039,0.5,0.072,0.037,0,0,0.2,0.009,11.1,0.036,0.4,4,0.068,18.3,23.3,0.049,0.1,25.5
173,nachos supreme taco bell,1,1,1,1,1,1,480,26.6,7.8,13.7,2.8,45,0,14.8,8,37.1,0.8,104.9,0,0.2,0.031,0.044,0.3,1.9,0.5,0.3,0,0,1.4,0.074,142.4,0.2,4.2,89.7,0.5,384.2,471.9,0.055,2.7,241
174,hotcakes with syrup mcdonalds,0,0,0,1,0,1,601,17.8,1.8,1.9,4.6,101.8,45.5,9,2,19.9,0.6,89.7,0,0.4,0.1,0,0.4,3.2,1.1,0.1,0,0,0,0,126,0.1,2.8,28.7,0.4,391.2,276.3,0,0.6,259.4
175,hotcakes mcdonalds,0,0,0,1,0,1,113,2.9,0.6,0.6,1.5,19,4.4,3,0.7,6.4,0.2,23.9,0,0.1,0.088,0,0.1,1.1,0.4,0.005,0,0,0.3,0,41.7,0.054,0.9,9.4,0.1,129,85.8,0,0.2,68.2
176,corn tamale,1,1,1,1,1,1,309,12,4.4,4,2.6,44.3,12.3,5.8,5.3,0,0.5,101.8,0,0.098,0,0,0.023,2.2,0.6,0.3,0,0,0.7,0.052,39.8,0.02,0.9,48.1,0.4,154.4,308.8,0.075,1,108.1
177,burrito with beans,1,1,0,1,1,1,224,6.7,3.4,2.4,0.6,35.7,0,7,0,2.2,0.5,57,0,0.3,0.067,0.093,0.3,2,1,0.2,1,0,0,0,56.4,0.2,2.3,43.4,0.4,48.8,326.6,0.024,0.8,109.1
178,fruit burrito,1,1,0,1,1,1,231,9.5,4.6,3.4,1.1,35,0,2.5,0,3.7,0.2,26.4,0,0.2,0.029,0.015,0.2,1.9,0.9,0.079,0.7,0,0,0,15.5,0.051,1.1,7.4,0.1,14.8,104.3,0.024,0.4,64.3
179,spinach spaghetti cooked,1,1,0,1,1,1,182,0.9,0.1,0.1,0.4,36.6,0,6.4,0,0,0.061,95.4,0,0.1,0.086,0,0.1,2.1,0.3,0.1,0,0,0,0,42,0.3,1.5,86.8,2.1,151.2,81.2,0.045,1.5,87.4
180,vegetable lasagna,0,1,0,0,1,1,316,13.7,5.5,3.3,2.6,32.2,5.8,15.6,4.3,31.8,1,161.7,0.052,0.3,0.012,0.098,0.4,1.8,0.4,0.2,2.5,0,1,0.082,340.5,0.2,1.2,47.7,0.4,317.8,385.9,0.087,2,410.066
181,pasta with tomato sauce,1,1,0,1,1,1,176,1.8,0.4,0.3,0.5,35.1,10.1,5.6,2.3,15.1,1,207,0.071,0.099,0.1,0.018,0,0.1,3.3,0,0.1,0,0,1.6,0.083,32.8,0.1,2.3,35.3,0.4,98.3,483.8,0.065,45.091
182,mushroom barley soup,1,1,0,1,1,1,186,5.5,1.1,2.4,1.7,29.3,0,4.6,0,0,1.7,258.9,0,0.009,0.077,0,0.2,2.1,0.3,0.4,0,0,0,0,30.5,0.5,1.2,21.4,0.3,152.5,231.8,0,1.2,71.1
183,nachos taco bell,1,1,1,1,1,1,362,21.9,4.7,12.6,2.6,36,0,5.1,3.8,4,0.5,33.9,0,0.1,0.036,0,0.1,0.9,0.3,0.2,0,0,1,0.07,88.1,0.1,1.1,51.5,0.3,280.2,180.2,0.048,1.1,156
184,fish sticks,0,0,1,1,1,1,78,4.5,1,0.9,2.2,6.1,0.5,3.1,0.4,7.8,0.1,13.9,0.055,0.006,0.037,0.039,0.3,0.082,0.4,0,0.038,0,0,1.9,0.089,4.5,0.3,0.2,7,0,53.5,51.8,0.072,14.563
185,salmon nuggets,0,0,1,1,1,1,60,3.3,0.4,1.3,0.9,4,0,3.6,0,7.4,0.005,17.1,0,0.018,0.076,0.086,0.059,1.3,0.1,0.046,0,0,0,0,2.3,0.039,0.4,5.7,0.06,49.8,46.7,0,0.1,13.6
186,fish sandwich,0,0,0,1,1,1,565,27.4,4.3,5.7,13.8,58.7,7.8,22.6,0,77,1.3,106.6,0.2,0,0.5,0,0,0.3,4.7,0.8,0.2,4,0,0,0,81.4,0.2,3.3,55,0.6,255.2,453.2,0.1,109.3
187,pepperoni pizza dominos,0,0,0,0,1,1,308,12.6,5.4,3.8,2.4,36,4.2,12.7,2.4,28.3,0.7,49,0,0.4,0,0.014,0.2,3.9,0,0.024,0.9,0,1.1,0.034,159.3,0.1,2.6,27.1,0.4,215.8,206.8,0.038,1.5,226.5
188,veggie burger,0,1,0,1,1,1,124,4.4,1,1.2,1.4,10,0.7,11,3.4,3.5,0.4,42.8,0,1.9,0.045,0.02,0.2,2.6,0.2,0.2,3.2,0,0.2,0.069,95.2,0.1,1.7,39.2,0.7,144.2,233.1,0.017,0.9,128.9
189,fruit walnut salad mcdonalds,1,1,1,1,0,1,312,13.3,1.8,2.1,8.5,43.8,32.9,4.8,0,5.3,0.017,200.5,0,0.1,0.061,0.041,0.1,0.3,0.4,0.3,383.6,0,0,0,171.6,0.3,0.9,34.3,0,129.4,0,0,0.7,618
190,chicken nuggets,0,0,1,1,1,1,61,4.1,0.7,1.5,1.3,3,0.039,3.2,0.2,8.6,0.1,9.3,0.015,0.011,0.041,0.064,0.049,0.054,1.2,0.2,0.095,0.1,0.01,0.2,0.058,2.2,0.091,0.2,4.8,0.023,54.4,50.2,0.009,10.792
191,barbecue loaf,0,0,1,1,1,1,40,2,0.7,1,0.2,1.5,0,3.6,0,8.5,0.3,14.9,0,0.042,0.038,0.039,0.086,0.5,0.4,0.07,0,0.099,0,0,12.7,0.029,0.3,3.9,0.089,30.4,75.7,0.009,0.6,20.1
192,poultry salad,0,0,1,1,1,1,26,1.8,0.4,0.4,0.8,1,0,1.5,0,3.9,0.079,8.6,0.084,0.066,0.093,0.037,0.081,0.2,0.011,0.009,0.1,0.063,0.3,0,1.3,0.072,0.097,1.3,0.049,4.3,23.8,0.024,0.1,5.781
193,ham salad,0,0,1,1,1,0,97,7,2.3,3.2,1.2,4.8,0,3.9,0,16.7,0.5,28.2,0,0.2,0.084,0.039,0.006,0.9,0.1,0.047,0,0.012,0.8,0,3.6,0.065,0.3,4.5,0.083,54,67.5,0.059,0.5,19.6
194,crispy chicken strips tyson,0,0,1,1,1,1,145,6,7.7,14.5,1,0,0,0,0,0,0,0,0,0,0,0,0,0,0,0,0,0,0,0,0,0,0,0,0,0,0,0,0,6
195,yogurt parfait,0,1,1,0,0,1,125,1.5,0.8,0.5,0.2,23.6,17.4,5,1.6,4.5,0.048,117.7,0.073,0.1,0.018,0.1,0.3,1.1,0,0.3,21.3,0.042,0.4,0.085,156.5,0.025,0.7,25.3,0,138.6,281.6,0.088,1.3,210.272
196,fruit n yogurt parfait mcdonalds,0,1,1,0,0,1,156,1.9,0.044,0.2,0.1,30.9,19.1,4.1,1.5,7.5,0.065,111.2,0,0.004,0.029,0.099,0.2,0.4,0.6,0,20.7,0,0,0,128.1,0.092,0.7,20.9,0.3,125.2,248.8,0,0.5,187.9
197,egg fried,0,1,1,1,1,1,90,6.8,2,2.8,1.5,0.4,0.2,6.3,0,184.5,0.043,32,0.016,0.049,0.035,0.029,0.2,0.093,0.8,0.093,0,0.081,0.6,0.079,28.5,0.065,0.9,6,0.046,98.9,69.9,0.078,0.6,42.904
198,glucerna abbott,1,1,1,1,1,1,1010,35.6,2.8,0,0,120.9,49.8,0,12.8,0,0,0,0,0,0,0,0,0,0,0,0,0,0,0,0,0,0,0,0,0,0,0,0,169.3
199,pasta marinara and ground beef sauce,0,0,0,1,1,1,41,1.6,0.5,0.7,0.1,4.1,1,2.5,0.5,0.2,0,0,0,0,0,0,0,0,0,0,0,0,0,0,0,0,0,0,0,0,0,0,0,8.7
200,waffle,1,1,0,1,0,1,218,10.6,2.1,2.6,5.1,24.7,0,5.9,0,51.8,0.4,31.5,0.069,0.2,0.062,0.08,0.3,1.6,0.4,0.067,0.3,0,0,0,191.3,0.024,1.7,14.3,0.2,142.5,119.3,0.068,0.5,234.547
201,blueberry muffin,1,1,0,1,0,1,214,9.2,1.6,2.7,4.6,30.2,17.9,2.6,0.6,17.1,0.2,14.2,0.1,0.095,0.068,0.077,0.094,0.016,0.8,0.3,0.034,0.5,0.065,0.9,0.054,25.1,0.063,0.7,5.7,0.3,83.2,69,0.002,42.915
202,corn muffin,1,1,0,1,0,1,201,5.5,0.9,1.4,2.1,33.7,11.7,3.9,2.2,17.2,0.3,21.5,0.01,0.2,0.043,0.099,0.2,1.3,0.3,0.063,0,0,0.5,0.035,48.8,0.2,1.9,21.1,0.2,187.4,45.5,0.041,0.4,96.069
203,oat bran muffin,1,1,0,1,0,1,46,1.3,0.2,0.3,0.7,8.2,1.4,1.2,0.8,0,0.067,6,0,0.028,0.09,0,0.049,0.024,0.2,0.026,0,0,0.1,0.035,10.7,0.082,0.7,26.7,0.4,63.9,86.2,0.035,0.3,22.9
204,pancakes,0,1,0,1,0,1,86,3.7,0.8,0.9,1.7,10.8,0,2.4,0,22.4,0.2,20.1,0.025,0.082,0.031,0.03,0.1,0.6,0.2,0.069,0.1,0,0,0,83.2,0.049,0.7,6.1,0.06,60.4,50.2,0.03,0.2,100.942
205,fruit toaster pastry,1,1,0,1,0,1,209,5.6,1.3,3.3,0.7,37.1,14.8,2.4,0.5,0,0.2,5.3,0.2,0.2,0.051,0,0.2,2.7,0.2,0.2,0,0,0.5,0.011,5.6,0.025,2,6.1,0.2,38.8,41.3,0.03,0.2,53.4
206,pancakes whole wheat,0,1,0,1,0,1,92,2.9,0.8,0.8,1.1,12.9,0,3.7,1.2,26.8,0.3,23.2,0.047,0.026,0.094,0.091,0.2,1,0.2,0.075,0.2,0,0,0,110,0.056,1.4,20.2,0.7,164.1,122.8,0.044,0.5,132.377
207,keikitos,1,1,1,1,0,1,196,10.6,0,0,0,22.3,10.8,2.9,0.5,0,0.2,5.5,0,0,0,0,0,0,0,0,0,0,0,0,26.5,0.095,1.1,5,0.011,107.1,37.8,0.033,0.2,63.9
208,cinnamon toaster pastry,1,1,0,1,0,1,206,7.1,1.8,4,0.9,34.1,0,2.6,0.5,0,0.2,5.4,0.1,0.2,0.063,0.043,0.3,2.3,0.1,0.2,0.017,0,0,0,17,0.088,2,12,0.2,66.5,57,0.022,0.3,63.489
209,arepa,1,1,1,1,1,1,215,5.3,2.8,1.5,1,36.4,0.9,5.4,2.5,4.9,0.3,49.8,0.011,0.021,0,0,0.05,0.9,0.2,0.1,0,0,0.3,0.041,87.2,0.09,1,26.5,0.1,114.7,86.2,0.04,0.8,137.897
210,frybread,1,1,0,1,1,1,502,18.6,7,6.7,1.6,73.4,3.1,10.2,0,10.6,0.5,48,0,0.7,0.2,0,0.3,7,0.2,0.092,0,0,0,0.058,86.6,0.1,6.1,27.4,0.5,187,117,0.094,0.5,194.9
211,pain au chocolat de la boulangerie,0,1,0,0,0,1,235,12,27.6,4.2,0,0,0,0,0,0,0,0,0,0,0,0,0,0,0,0,0,0,0,0,0,0,0,0,0,0,0,0,0,12
212,gatto di patate home made,0,1,1,0,1,1,202,9.4,4.6,21,9.4,4,3.6,0,0,0,0,0,0,0,0,0,0,0,0,0,0,0,0,0,0,0,0,0,0,0,0,0,0,13.4
213,potato ham chowder soup,0,0,1,0,1,0,192,12.5,3.9,5.9,0.8,13.4,0,6.5,1.4,21.6,0.9,204.7,0,0,0,0,0,0,0,0,0,0,0,0,0,0,1.7,0,0,0,0,0,0,35.5
214,potato pancake,1,1,1,1,0,1,59,3.2,0.5,0.8,1.7,6.1,0.4,1.3,0.7,20.9,0.2,10.5,0.098,0.085,0.096,0.004,0.098,0.4,0.2,0.052,6.1,0.091,0.055,0.024,7,0.043,0.4,7.9,0.006,28.2,136.8,0.072,0.2,24.864
215,bacon meatless,1,1,1,1,1,1,446,42.5,6.7,10.2,22.2,9.1,0,15.4,3.7,0,2.1,70.5,0,6.3,0.047,0,0.7,10.9,0.2,0.7,0,0,9.9,0,33.1,0.2,3.5,27.4,0.3,100.8,244.8,0.004,0.6,107.3
216,meatless chicken fried,1,1,1,1,1,1,304,16.6,1.5,4.2,6,11.1,0,27.7,5.6,0,0.5,73.4,0,1.7,0.017,0.038,0.5,16.6,0,1.1,0,0,2.5,0,54.6,0.7,5,15.6,0,318.5,390,0.037,0.8,120.6
217,tofu fried,1,1,1,1,1,1,35,2.6,0.4,0.6,1.5,1.2,0.4,2.4,0.5,0,0.021,6.6,0,0,0.01,0.036,0,0.054,0.073,0.041,0.094,0,0,0.011,0.099,48.4,0.051,0.6,7.8,0.2,37.3,19,0.038,6.832
218,meatless meatloaf,1,1,1,1,1,1,110,5,0.8,1.2,2.6,4.5,0.7,11.8,2.6,0,0.3,32.5,0,0.5,0.066,0.062,0.3,5.6,0,0.7,0,0,1,0,16.2,0.4,1.2,10.1,0,192.6,100.8,0.02,1,41.3
219,meatless chicken,1,1,1,1,1,1,376,21.4,3.1,4.6,12.2,6.1,0,39.7,6,0,1.2,98.9,0,0.1,0.1,0.068,0.4,2.4,1,1.2,0,0,4.5,0,58.8,1.2,5.5,28.6,2,562.8,90.7,0.012,1.2,137.5
220,meatless meatballs,1,1,1,1,1,1,284,13,2.1,3.2,6.7,11.5,1.8,30.2,6.6,0,0.8,83.5,0,1.4,0.1,0.073,0.3,3.6,0.7,0.3,0,0,2.5,0,36,1,3.1,25.9,0,495.4,259.2,0.016,2.6,100.4
221,tempeh cooked,1,1,1,1,1,1,55,3.2,1,1.1,0.7,2.6,0,5.1,0,0,0.084,16.9,0,0.021,0.022,0.07,0.1,0.6,0.1,0.079,0,0,0,0,27.2,0.2,0.6,21.8,0.4,71.6,113.5,0,0.4,38.7
222,bacon ranch salad mcdonalds,0,0,1,1,1,0,389,20.1,5.2,7.9,5.2,19.4,4.9,28.1,3.2,70.2,0.9,246.8,0,0.2,0,0,0.2,9.6,1.8,0,30.9,0,0,0,146.7,0,1.9,0,0,0,0,0,0,250.3
223,caesar salad with grilled chicken mcdonalds,0,0,1,1,1,1,201,5.6,3,1.5,0.6,11.3,4.8,29.1,3.3,71,0.6,245.5,0,0.2,0,0,0.2,11.3,1.5,0,31.4,0,0,0,189.4,0,1.8,0,0,0,754.8,0,0,271.9
224,caesar salad mcdonalds,1,1,1,1,1,1,94,4.4,2.5,1,0.3,9.1,4.4,6.8,3.4,10.7,0.2,191.1,0,0.018,0.1,0,0.016,0.5,0,0,30,0,0,0,183.2,0,1.3,19.2,0,168.3,460.1,0.068,0,238.2
225,vegetable salad,1,1,1,1,1,1,22,0.054,0.053,0.03,0.016,4.4,0,1.7,0,0,0.025,131.8,0,0.065,0.027,0,0.007,0.8,0.2,0.1,32,0,0,0,17.9,0.053,0.9,15.2,0.2,53.8,237.4,0.055,0.3,56.916
226,vegetable salad with chicken,0,0,1,1,1,1,70,1.5,0.4,0.5,0.4,2.5,0,11.6,0,47.9,0.1,126.5,0.077,0.034,0.032,0.056,0.068,3.9,0.4,0.3,11.6,0,0,0,24.7,0.08,0.7,21.8,0.2,113.3,297.9,0.014,0.6,52.69
227,taco salad taco bell,1,1,1,1,1,1,906,48.9,15.9,21.2,4,80.5,0,35.7,16,101.3,1.9,358.8,0,0.8,0.2,0.09,0.6,8,1.1,0.5,0,0,2.9,0.072,506.4,0.8,9.4,143.9,1.4,549,1220.6,0.095,6.2,696.9
228,potato salad with egg,0,1,1,1,1,1,393,23.5,3.6,5,12.5,40.5,12.4,4.9,3.3,42.5,0.8,177.5,0.09,0.002,0.046,0.003,0.063,2,1.1,0.3,2,0.083,1.7,0.047,37.5,0.1,1.3,37.5,0.3,132.5,605,0.039,0.8,113.038
229,caesar salad with crispy chicken mcdonalds,0,0,1,1,1,1,349,16.4,4.3,6.5,4.7,19.2,4.5,25.7,3.4,55.6,0.7,243.4,0,0.2,0,0,0.2,9.6,1.8,0,30.9,0,0,0,188.5,0,1.8,0,0,0,784.9,0,0,285.9
230,grape apple salad with walnuts,1,1,1,1,1,1,191,8.2,1.1,1.4,5.3,25.6,20.3,3.5,3.6,1.6,0.087,124.7,0.069,0.063,0.051,0.008,0.1,0.3,0.3,0.2,7.8,0,0.2,0.077,70.1,0.2,0.5,27.7,0.3,97.8,264.1,0.016,0.6,119.357
231,vegetable salad with shrimp,0,0,1,1,1,1,71,1.7,0.4,0.5,0.3,4.4,0,9.7,0,119.5,0.3,140.2,0,0.049,0.018,0.058,0.1,0.8,0.3,0.099,6.1,0,0,0,39.3,0.1,0.6,25.2,0.082,107,269,0.088,0.8,61.8